filename,species_id,species_prob,species
13346.laz,0,0.9945155,Abies_alba
13637.laz,0,0.9274342,Abies_alba
03452.laz,21,0.4698929,Pinus_sylvestris
14635.laz,1,0.35195538,Acer_campestre
14476.laz,5,0.4081342,Carpinus_betulus

13346.laz,0.9945155,1.478709e-12,1.2781014e-08,1.0730563e-06,1.9118206e-06,5.3773186e-10,1.9793974e-14,2.2515118e-13,8.8332646e-16,1.3047287e-17,3.5654894e-06,4.5969233e-09,5.3070157e-09,2.8675302e-05,0.00023630947,2.960673e-14,3.814823e-09,1.0824576e-12,2.1149468e-07,7.976581e-09,1.4403159e-06,0.0044850954,2.8861017e-16,1.8411622e-18,1.1086918e-12,0.0007261462,9.971704e-13,2.3292891e-15,6.236508e-08,2.2291726e-09,5.8617613e-13,2.6731861e-09,9.3178416e-11
13637.laz,0.9274341,2.6392984e-08,5.9807728e-05,0.068831615,2.6530583e-07,7.869089e-06,1.7342682e-08,6.91571e-10,3.3464982e-13,5.8900356e-13,3.7035268e-05,8.2211116e-08,2.9756045e-08,1.4717567e-07,2.1392689e-05,2.353716e-13,1.5154213e-09,2.293658e-11,2.629899e-06,6.4157376e-08,1.2636874e-05,0.002749402,4.1607607e-12,1.1064438e-12,2.4535665e-10,0.0008149135,2.0360624e-09,6.11657e-12,3.8199596e-07,5.653664e-07,2.6467404e-07,2.3887058e-05,2.820047e-06
03452.laz,0.051200237,0.00030056393,1.6634237e-06,4.0847176e-06,0.002287231,0.012593364,2.7917328e-09,4.639562e-07,4.8953773e-08,3.885382e-09,0.0007132895,5.4329787e-05,7.846926e-06,0.020387053,0.061657112,1.7574291e-07,0.0049345586,7.236175e-08,4.204481e-06,0.0002624148,1.8643343e-06,0.4698929,1.7055148e-08,7.121309e-07,6.554579e-07,0.3724994,1.5443017e-09,2.646432e-10,2.4131676e-05,0.0017372778,6.1055584e-06,0.00095326785,0.0004749263
14635.laz,4.9829464e-06,0.3519554,0.00012648734,3.5613382e-06,4.8656584e-05,0.30798885,5.5923807e-05,0.022343757,8.072261e-06,0.017810183,0.04811376,0.0054919478,0.0029669856,1.0107182e-05,0.00038445345,0.000118158736,2.082651e-05,5.6761614e-06,1.6701473e-05,1.9903881e-07,4.513291e-07,0.00016184644,4.1844192e-05,1.4431634e-05,1.8978582e-07,7.2492636e-05,8.104776e-06,1.2207493e-05,2.2020226e-05,9.321599e-05,7.5099383e-06,0.15672348,0.08536757
14476.laz,3.5065242e-09,0.35283425,9.077469e-05,1.5939172e-08,1.6944425e-06,0.40813413,2.2430117e-05,0.00024235285,4.8000347e-06,0.0029586363,0.0063282833,0.025894247,0.0074552814,3.3595475e-07,1.14602145e-07,1.4999686e-07,1.0311773e-08,1.7431553e-08,1.5358872e-08,2.3973266e-11,2.8183922e-10,2.180803e-06,7.5601825e-08,6.811848e-08,9.271046e-09,8.281283e-08,3.6208586e-08,1.1083367e-07,4.802876e-05,5.1459912e-05,5.3411947e-07,0.09810841,0.0978213
14550.laz,1,0.8229921,Acer_campestre
10722.laz,2,0.9286245,Acer_pseudoplatanus
10597.laz,29,0.4367955,Quercus_robur
10268.laz,3,0.96868134,Acer_saccharum
10161.laz,3,0.9992737,Acer_saccharum

14550.laz,2.536301e-07,0.8229922,3.2803022e-05,1.6393911e-06,3.021034e-05,0.06736116,6.4531473e-06,0.017353164,9.196006e-06,0.01344781,0.002025985,0.0028516199,0.0014277202,6.9685217e-07,6.001441e-05,9.64746e-07,1.899465e-06,1.5830037e-06,7.5074877e-06,2.3411257e-08,3.1239313e-07,0.00010678236,7.11214e-05,0.00014314838,6.2802044e-08,1.5928219e-05,2.699671e-06,6.9806574e-06,4.0745337e-05,0.0003196219,9.28649e-06,0.015857108,0.055813428
10722.laz,5.308061e-10,3.5744764e-05,0.92862475,5.214549e-07,4.8774964e-06,5.191714e-07,2.8009867e-05,6.5836786e-05,9.4661226e-07,3.099032e-09,4.3099768e-05,0.00016009092,0.06866792,4.1078707e-08,6.4226456e-06,3.823762e-11,3.3927805e-07,3.8178266e-07,2.4815781e-06,1.8874544e-12,2.3575496e-05,7.666035e-06,1.6063314e-05,7.9188085e-06,9.68129e-08,3.8502144e-09,3.5803595e-08,3.5089882e-11,5.5327633e-05,0.0022449906,2.7028548e-08,8.621946e-07,1.6604677e-06
10597.laz,7.454086e-09,0.00018046281,0.2120668,4.4988784e-07,0.00037766917,1.3987833e-05,1.1481174e-05,4.1050862e-05,9.625105e-05,1.4291562e-09,0.0001380468,0.002657644,0.33529034,2.05816e-05,6.381299e-05,1.2453101e-10,0.0001638947,2.5656827e-05,2.0307236e-05,9.09953e-10,2.9608205e-05,0.00059080246,5.9026715e-05,0.00026501587,9.493234e-06,2.054278e-06,1.440342e-07,4.5134352e-10,0.011067488,0.43679547,1.83109e-06,4.0536343e-06,6.5767185e-06
10268.laz,0.0022935627,1.9875042e-06,1.6589163e-05,0.96868134,0.017263837,0.00025183588,5.9327483e-08,3.7379406e-09,4.624674e-10,3.5579376e-11,0.0015765838,3.8138776e-08,1.9525162e-07,9.0650104e-07,0.00011114143,2.0741386e-12,4.872861e-05,1.9431623e-08,5.3094135e-07,0.0030257378,0.0031514617,0.0035370006,2.0797075e-09,2.3299207e-10,3.2977774e-09,5.8206484e-07,4.5411152e-08,8.583663e-12,1.0126213e-06,1.5624339e-06,2.2239863e-05,1.022213e-05,2.7941671e-06
10161.laz,3.0052588e-06,1.968349e-05,4.5983993e-06,0.9992737,0.00052038603,4.493505e-06,4.652e-06,1.7153859e-07,1.6534418e-08,1.8489441e-11,2.326537e-05,5.5221793e-08,1.7952101e-06,1.9221706e-09,9.546071e-07,7.209562e-16,1.3944451e-06,2.5898844e-10,1.6345605e-06,2.6734092e-08,0.000107894535,2.169054e-06,5.2690217e-07,4.413749e-07,2.2003333e-11,5.574241e-09,6.3564808e-06,1.0210188e-09,1.3231521e-06,1.4873486e-05,6.495715e-07,4.846508e-06,1.1194844e-06
10154.laz,3,0.98019373,Acer_saccharum
19775.laz,4,0.97993827,Betula_pendula
09119.laz,4,0.9978859,Betula_pendula
12109.laz,4,0.75505775,Betula_pendula
16251.laz,1,0.62324685,Acer_campestre

10154.laz,9.3945244e-05,0.00013231498,0.009664209,0.9801937,0.0034126432,7.5806216e-05,9.02141e-05,2.4473086e-06,1.4984658e-06,6.237465e-10,0.0006219314,5.135886e-06,3.865346e-05,9.990519e-08,2.2059708e-05,2.2008786e-13,1.4036648e-06,1.0967809e-08,9.372917e-06,1.3433358e-07,8.378844e-05,0.0010592665,1.2358825e-06,8.837678e-05,1.6098573e-08,3.462626e-06,2.040881e-06,1.1700223e-09,1.3867857e-05,0.0035113902,0.00063994474,9.868436e-05,0.00013235825
19775.laz,1.9308975e-05,0.00064662594,0.008863331,0.00060736807,0.9799382,0.0015735677,4.4256805e-05,5.812057e-05,0.00019611802,3.4248437e-06,0.0032747807,1.5967047e-06,0.00036639007,3.921483e-08,0.00029644812,1.14347385e-08,1.1813733e-07,9.858857e-05,2.7660386e-05,6.436748e-07,8.637937e-08,0.0022273085,0.0001882049,1.4264645e-05,1.3831814e-06,1.400844e-06,0.0004627708,1.0929877e-05,8.972064e-05,6.695381e-05,0.00053591735,0.0001567033,0.00022776901
09119.laz,1.2409411e-09,1.7883967e-06,1.8117891e-05,5.314723e-07,0.997886,2.1367157e-07,1.9788577e-06,4.778507e-07,7.17872e-05,1.2318213e-10,1.0868713e-06,1.14697066e-07,2.8594872e-05,1.2796566e-07,3.336957e-05,8.864964e-15,1.255362e-05,1.3819876e-07,5.0923103e-07,1.2438243e-10,5.612677e-08,0.00010533063,1.8128667e-06,0.0015406444,2.3988103e-10,3.01107e-08,3.6594085e-07,3.5778047e-10,5.692493e-07,0.00029284527,9.771818e-10,6.5573084e-07,4.0523773e-07
12109.laz,0.00014063968,0.00080770085,0.00035461647,0.00010060146,0.75505775,0.00033188748,4.3004884e-06,8.481468e-05,0.0004234874,3.2854322e-07,0.00091196323,3.560767e-05,0.0011402194,0.00012813792,0.1261818,5.0232444e-07,0.08714846,0.0006794625,0.00040992972,0.00066772377,0.00035428756,0.021838622,0.00030594948,0.0013774635,1.2594974e-06,0.00071771326,0.00030536516,6.667701e-07,0.00028292878,3.6411293e-05,1.8901967e-05,2.121698e-05,0.00012924803
16251.laz,7.908888e-08,0.6232468,2.9279792e-05,3.415359e-08,6.415645e-06,0.046569932,3.7756445e-06,0.06714345,1.2231484e-06,0.12878239,0.013263497,0.003845951,0.0019226748,9.471953e-07,2.999287e-05,9.210914e-06,4.1477645e-07,2.2341969e-07,3.2679343e-06,3.652851e-10,1.786818e-08,4.7526178e-06,4.735227e-06,4.0924747e-06,2.504765e-09,3.3617966e-06,3.6162024e-07,2.9405198e-06,5.274694e-06,1.4088874e-05,5.6232903e-08,0.043995213,0.07110547
11136.laz,6,0.9439327,Corylus_avellana
11155.laz,6,0.9463504,Corylus_avellana
11134.laz,6,0.506281,Corylus_avellana
16919.laz,9,0.47902703,Euonymus_europaeus
16699.laz,9,0.29874334,Euonymus_europaeus

11136.laz,1.0418132e-08,0.0003242342,0.032308627,0.00030317935,0.00041017638,0.00043558222,0.9439327,0.0019138486,4.6158246e-05,1.25340575e-05,0.00010116059,1.8496494e-05,0.0018654297,1.4959528e-09,2.6753569e-06,2.6241996e-11,2.0953644e-08,5.898614e-07,6.1904875e-06,1.28627916e-11,4.3538262e-07,7.761068e-05,3.0039695e-05,0.0003757461,1.2164992e-07,7.5716e-09,2.4480702e-05,1.8354302e-07,7.516373e-06,0.011891405,1.9126968e-08,0.0055269543,0.00038394475
11155.laz,1.2551668e-07,0.00038131498,0.00017774096,0.002439027,0.00051992165,0.0055160187,0.9463504,0.0071407096,1.1966343e-06,7.988075e-05,6.087764e-06,1.6452161e-07,1.0647873e-05,1.9339013e-11,7.664074e-06,6.259372e-13,3.2789995e-09,4.9128154e-08,8.781425e-06,1.7999728e-11,2.6250953e-08,9.815573e-05,4.5586335e-06,0.0028885764,5.1475135e-09,1.09518325e-07,1.9263676e-05,7.4473587e-07,8.68084e-08,0.003656186,1.0262228e-09,0.028053984,0.0026385952
11134.laz,5.4319045e-08,0.0022781894,0.45665672,4.464268e-05,0.0002455571,0.010856799,0.506281,0.00040761207,1.1598378e-07,1.8870019e-06,0.0048901113,1.2007212e-05,0.011747767,5.1709317e-09,1.8208124e-06,4.7921597e-11,5.483999e-07,6.707398e-08,1.2012383e-06,7.770461e-12,1.0168143e-06,5.816942e-05,5.33299e-07,3.869416e-05,1.3378748e-07,1.5772295e-08,2.068295e-07,1.8053241e-09,8.7058044e-07,0.0014140225,2.248134e-09,0.00356817,0.0014920292
16919.laz,7.20599e-11,0.258128,2.1468446e-05,2.1499862e-10,1.0389272e-06,0.01937203,2.779539e-06,0.06768128,5.218109e-05,0.479027,0.00088235195,0.026981257,0.0027855006,1.4370175e-07,2.4845926e-07,2.223523e-06,1.7922261e-10,6.8660015e-08,5.6199366e-07,1.8700479e-13,1.8940577e-11,8.774258e-06,9.3898547e-07,2.945768e-06,6.0261296e-10,4.564586e-07,4.140269e-08,9.776893e-07,4.457557e-06,0.00013568604,3.8781554e-08,0.04942553,0.09548205
16699.laz,1.0577232e-09,0.16305141,4.646776e-05,4.5528656e-10,1.8460521e-05,0.0739666,5.933565e-05,0.01885962,3.6902507e-05,0.29874337,0.00062787416,0.0032368544,0.0034390872,2.834564e-07,1.5554904e-06,5.618804e-07,6.862382e-09,5.854289e-07,1.3038359e-06,1.5418258e-12,1.3584123e-10,4.8510115e-05,2.893038e-07,1.0090808e-05,3.2911442e-09,1.1981022e-06,4.076114e-06,3.678582e-05,0.00017638074,0.00024531962,7.612528e-09,0.19207975,0.24530734
13069.laz,23,0.9916296,Populus_tremuloides
00203.laz,8,0.98049635,Eucalyptus_miniata
00372.laz,8,0.99972385,Eucalyptus_miniata
16984.laz,1,0.38806733,Acer_campestre
17030.laz,7,0.4327919,Crataegus_monogyna

13069.laz,4.367098e-10,0.00071625534,2.9766841e-05,3.5474204e-06,0.00031588174,5.4662605e-06,4.8834543e-05,0.0038995515,0.00033808593,7.65814e-06,1.8228194e-06,3.1431402e-06,0.00011739212,7.7320383e-10,4.1381987e-05,1.4246513e-12,3.340228e-06,8.3869236e-07,6.987924e-05,5.7507953e-11,3.7382512e-07,0.00012236349,0.0005283122,0.9916294,3.109995e-10,7.4983495e-07,3.5077523e-05,7.188399e-07,2.8072284e-06,0.001981439,4.8822827e-08,6.919939e-06,8.87604e-05
00203.laz,1.2264995e-10,3.3424603e-05,4.0417936e-07,2.781073e-09,0.000692565,5.284389e-07,5.1705015e-08,1.6184076e-05,0.98049635,1.0052199e-05,1.3775447e-06,9.203178e-06,5.798098e-06,2.418946e-08,4.3395776e-06,5.0516057e-11,2.5242814e-06,4.766543e-06,1.2220634e-05,5.50287e-11,1.2045956e-09,5.0072784e-05,1.6761871e-07,0.018644562,3.27805e-12,1.0594364e-06,5.3193858e-06,6.2127526e-07,1.0665274e-06,3.636749e-07,1.1119678e-08,2.6966823e-06,4.2631937e-06
00372.laz,6.502607e-13,2.9317662e-05,3.993943e-08,3.9273224e-12,1.0039738e-05,2.2214447e-06,1.6490421e-08,2.1995856e-08,0.99972373,5.1101043e-08,4.6420066e-08,6.4094806e-05,1.685509e-05,2.1189501e-07,3.1326223e-08,1.1831941e-10,4.336251e-05,1.6694786e-06,6.868166e-08,5.6320716e-12,3.8267747e-11,5.1322855e-05,5.335925e-10,4.964259e-05,8.0863766e-13,5.0835527e-09,3.6143524e-07,9.094048e-09,3.7269115e-07,1.0901233e-07,6.061869e-10,5.920893e-06,3.272462e-07
16984.laz,1.5215834e-10,0.38806733,4.2902648e-05,1.307723e-09,1.6186836e-05,0.12435664,2.7405998e-05,0.0054148035,0.0010159242,0.23308335,0.00021436447,0.017156577,0.008763875,1.3224559e-07,6.6195855e-07,2.6728688e-07,1.9253502e-08,5.238921e-07,7.981219e-07,3.1286048e-12,2.1875514e-10,4.7654496e-05,3.1643478e-07,1.1611814e-05,1.3203071e-09,2.2761056e-07,3.3112071e-06,2.0287782e-05,0.00017779254,9.9682606e-05,8.536902e-08,0.12871815,0.09275908
17030.laz,7.7913185e-08,0.07872868,3.424952e-05,6.2096426e-08,0.0007979596,0.0030934,3.003659e-07,0.4327919,8.130425e-05,0.39973223,0.003545669,0.00067919743,0.00065945473,2.1050077e-08,2.7824699e-05,1.4236127e-07,3.530422e-10,8.9782866e-08,9.80664e-07,5.9301036e-12,2.1987386e-10,4.3525793e-05,3.4517566e-06,6.4585033e-06,1.5484206e-09,1.3404261e-05,1.1856166e-07,2.2039956e-06,2.496009e-06,4.0612387e-05,2.2461917e-07,0.030976335,0.04873768
17029.laz,9,0.6167351,Euonymus_europaeus
03247.laz,10,0.99800426,Fagus_sylvatica
04357.laz,10,0.8204277,Fagus_sylvatica
18732.laz,22,0.67196053,Populus_deltoides
17199.laz,11,0.98437434,Fraxinus_angustifolia

17029.laz,2.7109434e-10,0.022757683,1.5876001e-06,7.3484507e-09,4.493467e-05,0.0002583502,6.245516e-08,0.33173284,0.00014023998,0.61673504,0.0004924457,6.556613e-05,0.000129776,2.0090496e-10,2.537971e-07,1.7532443e-09,3.9183582e-13,5.3685567e-09,4.278809e-08,2.4523618e-15,3.2248895e-12,2.1905465e-05,4.0261855e-07,1.9464135e-06,6.7612894e-11,3.649273e-07,5.1724416e-09,1.587395e-07,3.7261188e-06,1.1991877e-05,4.7583665e-08,0.02147509,0.0061254627
03247.laz,2.6819293e-05,1.6945216e-05,0.00090853224,2.75202e-09,6.857225e-05,0.0001563132,2.0150734e-12,2.6061626e-08,6.7306727e-10,2.4454488e-12,0.99800414,1.2359667e-05,0.00012755199,1.4974836e-05,6.0072394e-05,6.8450063e-09,2.3555552e-11,1.7719453e-11,4.1342267e-09,1.8509333e-10,6.5943263e-13,3.576883e-07,5.9587624e-09,1.3321051e-13,3.475724e-08,6.691418e-09,9.229133e-12,1.4893544e-12,1.955644e-05,0.00057512225,5.815538e-06,5.210253e-07,2.1520384e-06
04357.laz,0.0012306282,6.897437e-05,0.0029459475,5.7273034e-08,1.7032704e-05,0.17360914,1.2565076e-08,3.2417782e-07,2.8871833e-12,4.9462406e-10,0.82042783,2.7897583e-08,0.00019891166,1.0319867e-07,0.00032708378,4.0823093e-06,1.3309014e-11,1.5075409e-09,2.4140874e-07,1.3216063e-09,1.2507114e-12,1.7040625e-06,5.310141e-08,2.9874469e-12,0.0011306866,7.533038e-08,1.2041852e-10,3.3042572e-11,2.4081664e-05,6.763002e-07,1.1750426e-06,4.616836e-06,6.6715284e-06
18732.laz,7.831615e-06,0.00063629495,1.8006095e-07,2.031631e-06,8.611044e-05,5.5099437e-05,8.872923e-09,0.00062354765,5.762688e-12,8.1556107e-07,0.30436116,4.1560803e-08,7.658839e-06,2.2355998e-06,0.020853095,0.001295213,3.8104997e-10,4.3256846e-06,1.265307e-06,3.1157865e-10,1.5809076e-11,8.3514607e-07,0.67196053,1.3938148e-09,2.7313172e-08,3.7565968e-08,1.9777373e-07,3.4188224e-06,1.7592404e-09,6.7783776e-06,1.8582877e-07,7.428722e-05,1.6866483e-05
17199.laz,2.008449e-06,0.0014632208,0.00016016082,1.5806566e-07,5.444772e-05,6.473955e-06,1.5913338e-12,8.734377e-08,3.1146575e-07,3.1147345e-09,0.0023880352,0.98437446,0.0052804863,0.00023581595,8.251295e-05,1.0650639e-10,6.3543855e-09,2.9904076e-11,4.0005124e-09,5.34004e-09,2.5626155e-08,5.2526604e-05,4.042024e-08,7.0494435e-13,4.473871e-09,1.0278851e-05,5.799439e-11,5.3210828e-11,0.002657375,0.002828758,0.00026677706,6.5330656e-05,7.0776034e-05
17098.laz,12,0.36900082,Fraxinus_excelsior
11228.laz,12,0.8709289,Fraxinus_excelsior
04944.laz,24,0.47261313,Prunus_avium
17280.laz,1,0.5285601,Acer_campestre
04988.laz,13,0.99425936,Larix_decidua
04960.laz,13,0.9892893,Larix_decidua

17098.laz,1.3243636e-09,0.315043,0.008880808,1.6685435e-07,0.00062946643,0.040866774,0.0006926789,0.00069121894,0.016930426,0.0015397181,0.0006805295,0.1833633,0.3690008,8.849905e-06,8.887679e-06,3.2408394e-07,3.6341696e-06,2.546026e-05,7.744522e-06,1.2819827e-09,8.939301e-08,0.00018837793,0.00015334952,9.3361596e-05,3.8433765e-07,5.9694855e-07,5.024257e-05,1.9649246e-05,0.0015176863,0.0069797356,1.0955096e-05,0.025029195,0.027582562
11228.laz,9.78116e-12,0.00025887982,0.104669206,1.2786813e-10,3.4951888e-06,4.3325026e-06,3.2733635e-05,6.341249e-05,0.0053527723,5.944391e-07,8.198399e-06,0.015160338,0.8709288,2.5301263e-06,5.6111307e-06,3.348481e-09,6.9822426e-07,8.8778523e-07,7.179528e-07,1.0902965e-13,5.636754e-09,0.00030557215,1.2986623e-05,0.00034637307,4.2574854e-08,3.5397295e-06,1.1498983e-07,1.2765966e-08,1.5921834e-05,0.0027764442,1.7102963e-08,1.2446167e-05,3.3266908e-05
04944.laz,0.00048366687,0.00029209277,0.08664002,1.4020597e-09,1.2575298e-05,0.030970152,2.0964752e-09,2.7157084e-08,5.441005e-10,3.026999e-11,0.005356005,3.3787194e-06,0.37158248,5.5529144e-06,0.0030649896,1.7232289e-06,1.1518629e-09,2.1393626e-07,1.4131992e-07,4.6322765e-10,1.3781111e-08,3.050322e-05,4.8902496e-07,2.3705777e-11,0.47261307,7.760889e-06,4.0890593e-11,6.054383e-11,0.028780794,2.2479335e-05,0.00013008298,1.8008316e-07,1.510554e-06
17280.laz,4.1702695e-09,0.52856004,0.0051484257,4.274577e-08,0.0010886637,0.06913793,1.4545641e-06,0.0003254568,0.0004857987,0.0011011861,0.009039932,0.1629155,0.07017736,1.6822585e-05,4.830245e-07,7.069733e-08,1.0232226e-09,5.049007e-07,1.3725428e-07,7.949067e-11,3.5159482e-09,0.0012214794,5.2730076e-07,2.6678097e-07,1.3751816e-05,5.287052e-07,2.0369912e-09,1.3273455e-08,0.017121574,0.01421246,2.580451e-05,0.08121895,0.038184833
04988.laz,2.8792547e-06,2.2521757e-11,4.750061e-09,2.4571298e-11,1.7999255e-05,1.128014e-10,4.6182067e-21,4.411829e-17,2.9917495e-16,9.939621e-19,0.0007429418,1.2006806e-05,1.0926522e-06,0.9942595,0.0022946633,4.2514943e-19,1.6618186e-12,3.3029824e-18,6.125646e-11,2.3279775e-07,2.0379796e-08,2.180901e-05,1.3600889e-18,7.65171e-25,6.7209333e-15,0.0022751456,2.7810972e-15,1.5528385e-17,0.00037111202,7.072382e-07,1.4190612e-12,1.1639131e-08,1.980186e-11
04960.laz,2.5047808e-05,1.5740487e-09,9.914864e-08,2.1199863e-08,0.00046873206,2.0178762e-08,6.7962416e-17,9.866855e-15,1.2657373e-12,2.6414415e-16,0.0013145038,1.6210953e-06,1.8370748e-06,0.9892893,0.0015608243,2.2911696e-14,1.9164284e-08,6.3472188e-12,2.4244276e-08,0.00041914696,1.7717105e-06,0.005450312,6.904924e-14,6.1447397e-18,4.226944e-11,0.001211576,4.0585413e-12,3.336079e-15,0.00025125718,3.9248494e-06,2.761226e-08,7.059444e-09,3.7107875e-10
05011.laz,13,0.98900944,Larix_decidua
05314.laz,14,0.99583685,Picea_abies
19983.laz,4,0.51463085,Betula_pendula
11764.laz,14,0.9998665,Picea_abies
13578.laz,15,0.9983354,Picea_glauca
13552.laz,15,0.96065366,Picea_glauca

05011.laz,0.00010580631,5.70153e-10,2.3315256e-08,3.3829511e-10,2.4693315e-06,6.2299756e-07,6.729806e-17,3.6559483e-16,8.4438094e-16,1.9371824e-17,0.0020466724,3.8737764e-09,6.5721883e-07,0.98900944,5.4581258e-05,3.8511154e-13,7.061129e-11,7.154601e-12,4.5888726e-10,3.2146959e-06,1.7628103e-08,0.006143716,3.0784659e-15,3.2497778e-19,3.0438596e-08,0.0025326884,4.345707e-15,1.7611631e-16,9.932846e-05,7.263519e-07,1.0415624e-07,2.0748558e-09,8.1479844e-11
05314.laz,0.00089759304,3.4742257e-05,9.210455e-06,1.9879813e-08,0.00096382014,0.0019940976,5.6550337e-10,2.3572238e-07,1.5068466e-10,3.910394e-10,0.00020134226,3.6148422e-09,1.5918913e-05,7.532269e-07,0.99583685,4.6210625e-06,5.404298e-07,1.957912e-07,4.928816e-06,2.1506389e-07,4.399015e-10,1.14815875e-05,1.41721775e-05,1.00493045e-08,2.942833e-06,3.5364717e-06,5.701371e-08,2.674708e-08,9.766993e-07,2.2066952e-07,9.1570016e-08,5.2302386e-07,8.659821e-07
19983.laz,0.011760743,9.47071e-05,0.00030644803,6.35958e-06,0.51463085,0.0011788232,4.7165555e-10,1.5258209e-07,1.1370461e-07,1.7774733e-11,0.0016904206,2.8665406e-07,0.00022113814,8.2116996e-05,0.4654058,3.9280913e-08,0.0003061962,1.641978e-05,7.820892e-05,0.00019876134,1.7307395e-06,0.0023236568,1.1225845e-05,1.4866225e-07,2.8381837e-06,3.1358646e-05,8.510605e-07,2.0768307e-09,0.001464349,0.000112477974,7.218306e-05,4.973845e-07,1.073695e-06
11764.laz,1.1533987e-05,4.8512912e-11,5.4127884e-08,2.6358424e-10,5.9377317e-06,6.596142e-10,9.922932e-17,1.6073963e-14,2.7866867e-14,1.0711249e-17,2.003262e-07,1.0794644e-09,9.969747e-07,1.3444804e-05,0.9998666,1.6029403e-12,5.848254e-07,1.7602546e-11,1.2606335e-09,1.7979761e-09,2.1502514e-08,9.8255296e-05,7.720361e-12,1.0459497e-16,5.339498e-10,2.276229e-06,9.644949e-14,4.9242176e-16,1.612681e-07,4.3225334e-09,2.2342526e-09,6.7029264e-11,2.0200175e-11
13578.laz,2.5506662e-08,5.3985714e-06,2.736039e-07,1.0863982e-15,1.10818505e-07,1.2217625e-06,3.4556965e-11,5.9584e-07,1.2303484e-08,8.170399e-09,1.3322822e-05,1.0929637e-06,1.7944802e-05,0.000916412,0.0006782223,0.99833554,2.2083304e-09,1.0457871e-05,2.9992207e-06,2.5459806e-12,1.5660391e-13,1.1371242e-05,4.8667187e-07,9.60932e-10,2.5634836e-08,1.6031807e-06,1.5812997e-08,3.8890366e-07,2.2926527e-07,1.8185017e-06,9.190901e-10,3.986825e-07,1.3764873e-07
13552.laz,2.4192788e-05,4.8943557e-06,2.1133555e-06,6.1188505e-13,5.5360204e-07,4.9533005e-06,2.6612076e-10,4.0331173e-07,1.1971912e-07,1.5226842e-09,0.00013493409,2.1177216e-06,3.339407e-05,0.017891759,0.001405723,0.9606534,5.422949e-06,0.0006555205,8.991514e-05,1.7626948e-07,5.9382166e-11,0.01388514,1.8937864e-07,6.5691445e-08,2.7766674e-07,0.0051991446,1.2252453e-07,5.932792e-08,1.2099208e-06,3.5527955e-06,9.01869e-08,1.9579568e-07,1.4657189e-07
13574.laz,15,0.9994917,Picea_glauca
09702.laz,16,0.9045592,Pinus_contorta
09649.laz,16,0.99988204,Pinus_contorta
09741.laz,16,0.99221075,Pinus_contorta
06632.laz,17,0.8825751,Pinus_nigra
06658.laz,21,0.38409883,Pinus_sylvestris

13574.laz,1.560517e-05,5.8321877e-08,6.6870918e-09,1.39998774e-14,2.0753137e-09,2.9003863e-06,1.866136e-11,3.2229234e-08,1.5602235e-11,3.499112e-11,9.221893e-06,3.8381263e-09,1.17301866e-07,0.00017013313,0.00014567643,0.9994918,4.806712e-09,9.213287e-06,8.6832284e-07,1.9056856e-10,1.1071905e-13,0.000102295,3.7177074e-08,5.5918745e-11,1.9397902e-07,5.166833e-05,1.0339244e-09,5.86976e-09,2.5271166e-08,1.2410597e-07,3.4618786e-10,4.040085e-08,6.130922e-09
09702.laz,1.8668467e-05,0.0015115661,2.2863704e-05,7.414621e-08,0.0047362545,0.0012293071,4.3519567e-06,2.0893836e-05,2.4986099e-05,1.0370177e-06,0.00012452654,3.079181e-05,0.0006748216,7.439984e-05,0.06973642,1.1193978e-06,0.9045592,7.031162e-05,0.0019531304,9.85866e-07,2.4926909e-05,0.0022747023,1.3558097e-05,0.010397763,2.4693033e-08,0.0021873575,1.8463592e-05,1.5103924e-06,2.3525324e-06,9.778386e-07,1.8554779e-09,0.00017298594,0.00010971271
09649.laz,8.918416e-11,9.254228e-08,5.7880305e-09,3.4806713e-11,8.2750387e-07,3.4834795e-08,3.600233e-11,2.6069633e-10,3.092802e-07,1.21111846e-14,2.475693e-09,1.5974866e-08,2.2806566e-07,6.7659805e-08,4.6463338e-06,6.232785e-14,0.999882,3.9936365e-09,2.118934e-09,5.6232565e-09,1.8182693e-08,4.5021784e-06,8.339403e-10,0.00010707124,2.0822863e-13,1.0643732e-07,6.982546e-10,2.5700777e-14,1.7911042e-08,3.3167773e-08,3.8335612e-11,4.832003e-10,8.6806257e-10
09741.laz,1.2067868e-07,1.1509925e-09,3.5643322e-07,2.558083e-09,5.160691e-06,6.2102434e-09,1.497059e-10,1.3163909e-10,7.428001e-08,9.591814e-16,1.1349353e-08,3.4341454e-09,1.0841269e-07,4.3798698e-07,0.0053801136,7.035919e-13,0.99221075,4.4110274e-07,1.3327805e-07,2.4841293e-07,7.965738e-08,0.0023159052,1.8205e-09,5.7111745e-05,9.307054e-11,2.8785178e-05,1.4148245e-09,5.5013902e-14,3.0180374e-08,1.8918493e-07,2.1044133e-10,5.8971455e-10,3.4890552e-10
06632.laz,2.3824467e-07,2.8771344e-06,1.3918673e-06,2.7891595e-08,0.0001416438,7.1028364e-07,2.5725686e-08,5.550965e-06,3.0998497e-05,4.162253e-08,3.582643e-06,7.536479e-08,2.4829028e-06,3.2687225e-08,8.3088025e-07,1.4036001e-06,4.721234e-10,0.8825751,0.0004633136,4.171484e-10,1.00177444e-11,0.10746112,0.0006854995,4.0416494e-06,2.9907892e-09,4.7955236e-08,0.0043539475,0.0023099044,2.1422777e-07,0.0019505551,4.2230404e-06,6.232499e-08,9.037532e-08
06658.laz,0.0002604571,0.0001109824,0.0001540827,8.1136706e-05,0.0028450878,0.0003410586,0.00010255242,0.00015520732,0.00017759987,7.0370843e-06,0.0003490753,8.264786e-07,5.6981826e-05,1.3014908e-07,7.9601385e-05,2.401524e-06,6.071879e-08,0.23959118,0.023461122,8.6349594e-08,5.9991163e-09,0.3840988,0.00012886566,5.80858e-05,2.957173e-07,8.5231195e-06,0.29182822,0.055895317,4.5147448e-05,9.377493e-05,1.0523633e-05,3.697154e-05,1.8796365e-05
06667.laz,17,0.7812558,Pinus_nigra
07247.laz,18,0.9914192,Pinus_pinaster
07303.laz,18,0.8992511,Pinus_pinaster
07292.laz,18,0.5778454,Pinus_pinaster
11377.laz,19,0.99997723,Pinus_radiata

06667.laz,0.00016275315,3.1379598e-06,6.9108396e-06,1.9394206e-07,1.7870972e-05,8.0295e-06,5.381998e-08,5.775913e-08,4.56935e-08,8.485683e-11,3.2183707e-05,1.4278764e-07,2.9393697e-05,0.00012535612,1.5093884e-05,1.1024402e-05,8.748146e-07,0.7812558,0.19202694,2.5914226e-09,1.3308077e-07,0.02618021,2.8652258e-07,3.339025e-08,2.1978642e-06,2.5001516e-06,6.716795e-05,4.109144e-06,4.1275267e-05,5.9486597e-06,3.123166e-08,2.0862122e-07,3.235757e-08
07247.laz,1.1897168e-07,1.7102889e-06,0.00011127768,4.489531e-08,3.134893e-05,1.8782864e-06,5.3121613e-07,3.193548e-07,9.03008e-07,4.23397e-10,9.733008e-07,4.5201673e-06,0.00062016427,9.427708e-07,9.163592e-07,4.8466894e-08,9.02269e-08,0.007048272,0.9914191,2.8678405e-12,1.6880228e-06,0.000691959,9.537891e-09,1.6570357e-09,5.8803657e-08,1.0410749e-08,8.716756e-06,2.1433077e-06,3.1766247e-06,4.458119e-05,5.564958e-11,4.401722e-06,1.6134821e-08
07303.laz,1.4779174e-06,1.733135e-06,5.4750553e-06,3.5208943e-06,0.0047761733,1.2086455e-06,6.45069e-07,1.2632951e-07,3.384697e-06,8.999603e-11,1.2268718e-05,1.8298554e-08,2.7458486e-06,2.3066139e-06,0.00017292603,5.991905e-08,1.3186153e-06,0.08571844,0.8992511,1.2437842e-09,1.6899743e-07,0.0062649013,7.418354e-06,2.2524418e-06,3.1320795e-08,6.13931e-09,0.0037405223,1.1509928e-05,6.9652737e-07,1.7250757e-05,1.6534456e-08,2.1155728e-07,3.0117295e-08
07292.laz,0.0060132327,5.304928e-07,3.954422e-06,0.00024874136,0.0034224354,4.3358258e-07,9.0961585e-09,1.5005106e-07,3.8633996e-10,4.198334e-12,4.2732754e-06,5.4553036e-11,6.916921e-08,4.916324e-08,0.0021706596,3.2703538e-11,1.1193089e-06,0.00013160777,0.5778454,1.1417362e-09,1.7678625e-06,0.41001135,2.6581795e-06,2.9128661e-05,2.4599009e-08,0.00010411984,7.1876743e-06,1.0016104e-08,1.10329886e-07,1.0031439e-06,5.4153315e-10,1.5672898e-08,3.7084746e-08
11377.laz,5.883309e-08,6.538007e-11,5.170394e-10,3.16958e-11,9.781293e-08,1.1381562e-08,6.5298423e-19,1.2362627e-16,8.511105e-17,8.401416e-20,2.9873308e-06,8.3016027e-13,2.3135993e-11,1.9190205e-05,2.3720752e-07,1.09543905e-13,7.440251e-08,2.9832961e-12,5.803312e-11,0.99997723,1.415015e-10,3.9440025e-08,3.8064726e-14,6.3951285e-17,8.97562e-14,2.4754012e-08,1.0538849e-14,3.2084033e-19,3.9127238e-10,3.4359922e-09,7.708671e-10,8.152001e-14,3.1808776e-13
11343.laz,19,0.999992,Pinus_radiata
11419.laz,19,0.9999882,Pinus_radiata
10500.laz,20,0.9998884,Pinus_resinosa
10355.laz,20,0.9995035,Pinus_resinosa
10476.laz,20,0.99789715,Pinus_resinosa

11343.laz,2.8127213e-08,6.2546143e-13,2.3607888e-10,4.12346e-11,3.1731343e-08,5.2629576e-09,8.661162e-20,7.960005e-20,9.940199e-18,1.2267228e-21,6.0090997e-07,5.5843662e-14,8.8048216e-13,6.8789e-06,1.0497635e-07,4.985262e-17,4.062121e-10,1.4620167e-13,2.0999764e-11,0.99999213,1.8762054e-11,2.8800892e-07,1.0521074e-17,2.4567505e-19,5.5910138e-15,1.693394e-08,2.3205823e-14,5.6609844e-20,8.111224e-10,2.5746594e-10,1.0794723e-09,2.1855015e-14,7.406272e-14
11419.laz,1.0031978e-07,2.909098e-13,2.138946e-10,4.9773904e-11,3.542034e-08,3.2686793e-09,1.241539e-19,1.3717706e-19,5.411612e-18,2.346768e-21,1.1991411e-06,8.0917044e-14,9.815631e-13,8.054512e-06,1.4929076e-06,6.23796e-16,4.5427533e-09,1.7020708e-13,1.9850495e-11,0.9999881,2.6795191e-11,8.674658e-07,1.7742098e-17,1.1110337e-19,8.05539e-15,7.609977e-08,1.493299e-14,6.04183e-20,3.501125e-10,4.139148e-11,2.4058222e-10,5.3693456e-14,7.1058366e-14
10500.laz,3.302073e-08,1.17152165e-11,7.843731e-07,2.3089522e-06,7.933603e-07,1.9784066e-12,1.1035312e-12,4.2109691e-13,1.5272158e-14,1.9778157e-18,1.8979205e-09,6.4914607e-09,1.88753e-06,5.121486e-08,3.2212108e-07,1.5613494e-18,1.0515992e-06,9.6612676e-11,6.369527e-08,1.671636e-11,0.99988854,0.00010421625,5.912297e-14,2.0266995e-15,3.0437584e-12,1.7923531e-08,1.1251278e-14,6.7306715e-18,3.9427274e-08,8.599115e-09,2.1645598e-13,6.128765e-11,4.836711e-13
10355.laz,1.0472281e-05,1.4015345e-07,1.5406878e-06,0.00030606362,1.2560357e-06,3.19167e-08,5.0990698e-11,1.3363341e-10,4.1510805e-13,4.6737326e-13,1.3528128e-06,8.520569e-07,1.8620267e-05,4.9486807e-06,3.3533743e-05,8.884115e-14,7.812466e-07,7.4138584e-10,1.1860375e-06,1.2762736e-07,0.9995034,6.047661e-05,1.144795e-09,2.5374513e-13,1.3025539e-08,5.086215e-05,1.4682876e-12,1.8029193e-13,3.2012604e-06,2.0906775e-07,3.3967031e-09,8.312767e-07,1.32302835e-08
10476.laz,1.0722604e-05,9.0899235e-09,3.031105e-06,0.00019552992,8.710497e-05,2.8871249e-08,2.4326315e-08,2.0498628e-10,2.2994054e-10,6.4253405e-14,1.390407e-07,3.1568195e-08,7.211658e-06,6.680573e-06,7.881749e-06,1.1066767e-14,0.00047373082,1.311809e-07,0.00012839207,3.7620605e-08,0.99789715,0.0011729134,6.738515e-11,2.0626456e-09,3.1132974e-10,4.8656234e-06,3.7834376e-09,4.380419e-12,4.0401496e-06,3.2428406e-07,1.9046202e-10,5.3530275e-08,1.7184189e-09
20043.laz,21,0.99996567,Pinus_sylvestris
20108.laz,21,0.97526157,Pinus_sylvestris
02967.laz,21,0.998569,Pinus_sylvestris
09905.laz,23,0.77409697,Populus_tremuloides
09913.laz,22,0.45112443,Populus_deltoides

20043.laz,1.1985987e-06,7.668168e-10,1.2323769e-05,1.6351832e-07,1.468145e-06,2.7471886e-08,2.3069027e-10,9.83275e-12,1.3205889e-12,8.8042235e-16,3.032497e-08,4.8622315e-11,3.1843154e-08,9.326248e-10,7.96541e-06,1.4714655e-12,4.5351465e-09,2.9719052e-07,1.2801409e-06,2.524143e-11,7.1950094e-06,0.9999658,6.5459305e-11,3.1447264e-12,2.0694433e-06,1.1019071e-07,5.4122895e-13,5.660091e-16,1.8973298e-08,9.424446e-08,1.0271931e-09,4.81885e-10,6.0691646e-11
20108.laz,5.0897215e-05,1.3248462e-06,0.00018632757,3.2393204e-05,0.019163143,1.7483342e-05,1.8152434e-08,5.3444196e-09,2.6432159e-07,2.6099458e-11,1.2010294e-05,3.0707812e-09,1.0708537e-06,3.537884e-07,0.002723573,4.788393e-10,7.815356e-05,0.000984713,0.00078483723,0.00048844976,6.444026e-05,0.9752617,6.073955e-08,6.226578e-07,3.9924848e-07,9.962207e-05,6.41584e-06,1.4771869e-09,1.7832575e-05,8.473385e-06,1.541298e-05,5.1460276e-08,6.3876094e-08
02967.laz,3.0079923e-06,1.2797884e-08,1.3052745e-07,3.4628211e-10,0.00033187369,1.7572867e-05,6.561135e-14,4.0577963e-13,2.94042e-08,1.7492606e-11,3.457522e-06,2.604489e-06,1.765809e-07,0.00030415057,0.0003733102,1.8600867e-11,1.5538726e-08,2.6607227e-08,6.28664e-08,1.3625355e-08,2.0208912e-09,0.998569,5.403178e-15,8.0629785e-14,7.699394e-08,0.00035511813,4.920971e-12,2.0854525e-11,3.8029826e-05,1.5947415e-07,9.877849e-08,9.4634873e-07,8.3258236e-08
09905.laz,1.3339658e-07,2.8986029e-05,6.8295434e-05,0.02100492,0.0015473265,8.114561e-07,5.7843023e-05,2.450861e-05,0.0022351563,6.276004e-09,5.1216643e-06,3.8968824e-07,7.977835e-06,1.7539357e-08,0.0005638303,5.4123923e-12,4.0227078e-05,0.00046201708,0.0020657836,2.5166813e-07,5.1979546e-06,0.0023750088,0.13611755,0.7740969,4.6591113e-09,5.669579e-07,0.05303499,2.0847929e-05,1.3110072e-05,0.00606362,0.00015464176,7.543922e-07,3.138161e-06
09913.laz,0.002796203,0.0068979096,0.0049602063,0.008020436,0.09574032,0.005968709,0.0029306328,0.0056159804,0.00020302176,0.00014254604,0.035070553,0.00018600916,0.0050713685,2.1047468e-05,0.060395215,5.5939283e-05,1.1185851e-05,0.06785251,0.009946279,4.45956e-06,5.1858647e-06,0.031553384,0.45112443,0.00082023593,7.644987e-05,0.00014035119,0.09290929,0.080298886,0.00044434835,0.02047297,0.00020537555,0.0064068316,0.0036517542
09956.laz,22,0.99287885,Populus_deltoides
10099.laz,23,0.9999746,Populus_tremuloides
10008.laz,23,0.96703815,Populus_tremuloides
09996.laz,23,0.9574092,Populus_tremuloides
05769.laz,5,0.60615706,Carpinus_betulus

09956.laz,1.5410225e-07,4.5215875e-05,6.434364e-07,2.4399673e-05,7.202251e-05,1.5049788e-05,6.0580035e-08,9.3033805e-07,4.4984113e-06,4.5694177e-09,7.91301e-06,2.0459085e-07,5.0871768e-05,1.344105e-07,0.00014863131,9.250707e-10,4.0244007e-08,3.1734195e-05,4.165821e-06,6.535222e-09,9.7600314e-08,0.00038459012,0.992879,0.00013700173,1.3880516e-06,3.5625206e-07,4.196745e-06,1.3798553e-06,0.00014044001,0.0052389647,0.00080525223,2.409614e-07,5.04294e-07
10099.laz,5.650124e-11,5.4015022e-08,1.7959766e-09,1.4654819e-08,6.090031e-06,1.4322742e-08,3.500746e-09,2.3431648e-08,2.1293679e-06,5.732796e-12,5.5759277e-09,5.4694197e-11,2.8757214e-09,5.528827e-11,1.6036337e-06,6.8136925e-17,2.359447e-06,1.1262582e-09,3.177639e-08,3.1633928e-11,4.4083712e-10,9.470101e-06,4.940983e-07,0.9999746,1.7060172e-12,1.8590177e-07,1.29888e-08,8.053818e-12,4.075316e-08,2.913289e-06,1.877148e-09,2.907194e-10,1.460306e-08
10008.laz,1.5590501e-08,1.5285515e-06,2.9525088e-06,1.249979e-06,0.008825411,7.465201e-08,7.4489144e-08,5.9533124e-07,0.0002874668,1.3297779e-11,3.3269174e-07,1.1887586e-07,4.9179794e-06,6.260286e-06,0.0003415532,4.1881144e-13,0.009713472,1.8403236e-05,4.2497744e-05,8.1297316e-08,2.9573714e-05,0.012726845,3.8230995e-05,0.96703815,1.8642266e-09,3.694848e-06,1.2441099e-06,1.0176571e-10,2.1322467e-05,0.0008937284,1.1183382e-07,5.1857065e-09,1.08872726e-07
09996.laz,1.0921315e-06,2.9593928e-06,0.0001348362,0.00013640166,0.033759996,8.6288406e-07,7.2071534e-06,2.254638e-06,0.00021366242,3.5336023e-10,3.6679721e-06,9.458904e-09,8.1479055e-07,2.1889159e-08,0.0030044334,3.569555e-12,0.0014160911,1.7044526e-05,0.00024166051,5.6893157e-07,2.3320334e-07,0.0032612924,3.938481e-05,0.9574093,1.0338237e-10,3.8378043e-06,0.00033341898,3.0871846e-08,5.6198676e-08,7.1575696e-06,4.3398921e-07,1.1055569e-07,1.1809343e-06
05769.laz,0.0007208418,0.001558724,0.13275638,2.4422766e-08,1.3780781e-06,0.60615706,1.464231e-08,2.6409913e-07,5.7633876e-12,2.4923158e-10,0.011269289,2.640655e-06,0.013815193,1.3333393e-07,0.00014932387,4.2813798e-07,4.0008685e-10,1.5005476e-08,6.240356e-08,1.4791522e-09,7.4005166e-09,6.887763e-06,6.802884e-08,1.3360796e-11,0.23291807,6.755118e-07,3.114658e-12,8.00506e-12,0.00058021944,2.6288395e-05,7.657922e-06,1.3756502e-06,2.6926748e-05
05753.laz,24,0.58302563,Prunus_avium
05746.laz,24,0.9351129,Prunus_avium
13818.laz,25,0.96844685,Pseudotsuga_menziesii
05901.laz,25,0.9727121,Pseudotsuga_menziesii
05881.laz,25,0.99807394,Pseudotsuga_menziesii

05753.laz,8.182303e-07,0.001074796,0.107579544,2.1466705e-07,1.5616296e-06,0.014076647,3.6078745e-08,4.1620424e-08,2.9306044e-11,3.5340822e-10,0.030553773,1.6917455e-05,0.04674279,2.1573675e-05,0.0006943108,3.6888124e-09,1.1026548e-08,4.0713168e-08,9.3242264e-08,1.9427048e-08,4.272571e-06,9.13408e-05,6.3512095e-07,4.2443293e-10,0.5830256,6.602054e-05,4.0512788e-11,1.0231853e-11,0.21595268,4.8045622e-05,3.616454e-05,1.2662887e-06,1.0749584e-05
05746.laz,8.981453e-06,0.0015149678,0.014554035,2.4514545e-08,1.8601642e-07,0.01324407,4.805538e-09,1.320356e-08,1.3978853e-10,1.1824143e-10,0.0122390585,1.2676803e-05,0.009841706,1.3477743e-05,3.392291e-05,5.275346e-07,4.1008e-10,1.1743451e-07,2.4317916e-07,2.055765e-09,1.15577244e-07,3.2700063e-05,2.799896e-07,4.6335373e-11,0.9351128,7.855768e-07,1.9338165e-11,3.735322e-11,0.012013144,0.00016360919,0.0012104195,2.7699008e-07,1.7417684e-06
13818.laz,0.029667305,2.115153e-08,7.7972663e-07,1.426577e-06,2.5832882e-08,7.770983e-08,4.44894e-14,6.0297748e-12,1.2359062e-15,5.0173823e-15,0.00010197027,5.964775e-06,1.832536e-07,0.0011547458,0.0005513365,1.8340889e-14,1.0515272e-09,5.2713867e-15,9.8236255e-09,2.3227046e-06,1.1906915e-05,3.1927004e-05,2.029862e-13,1.9374445e-16,1.6420518e-10,0.96844697,1.1446681e-13,1.7011498e-15,2.1138476e-05,8.0100375e-07,2.0889632e-09,8.8932666e-07,2.4858087e-07
05901.laz,0.0010358923,3.1470043e-07,2.8923158e-05,1.6913168e-06,3.1813454e-06,3.903874e-06,1.6619579e-11,1.0089619e-10,8.5643725e-14,2.4448275e-12,0.0019486311,1.6867197e-06,0.0001923328,0.010274394,0.00854788,1.187515e-10,2.3302471e-08,2.3083037e-10,1.9789788e-05,9.698055e-08,0.0006223117,0.0040390384,4.2128534e-10,1.08797886e-13,3.1362497e-06,0.97271186,3.0892019e-12,2.4487617e-12,0.0005534762,2.8725633e-06,3.0430957e-08,7.875678e-06,5.015636e-07
05881.laz,7.288796e-05,3.1735872e-10,1.5482414e-06,2.7120159e-08,1.7228581e-06,4.565483e-08,5.6496657e-15,6.472536e-14,1.1848798e-16,7.809092e-15,0.0012845591,4.8504024e-08,3.5918046e-07,0.0002279995,4.0287734e-05,1.3202072e-15,1.6358909e-12,1.7485833e-15,1.1721837e-09,1.0903985e-06,4.061326e-06,0.00027477532,8.337343e-16,6.619565e-20,9.770522e-11,0.99807394,9.615057e-16,2.850108e-17,1.5800844e-05,2.6273267e-07,5.150454e-10,5.5943207e-07,7.060804e-09
08456.laz,26,0.9987828,Quercus_faginea
08202.laz,26,0.9942451,Quercus_faginea
07870.laz,26,0.99728394,Quercus_faginea
09076.laz,27,0.91991025,Quercus_ilex
09056.laz,27,0.56546617,Quercus_ilex

08456.laz,8.300945e-09,1.1223426e-08,9.221245e-09,1.1809825e-07,8.45655e-07,4.7085296e-09,2.2513655e-09,1.0370592e-08,3.2612033e-06,3.176997e-11,8.109535e-09,2.5349103e-10,1.7254246e-09,7.1193247e-12,9.751835e-07,1.4226467e-11,1.2623597e-09,2.187614e-05,6.260605e-06,1.2443921e-09,1.5430134e-12,7.2775642e-06,2.6734608e-07,1.5011587e-08,8.519278e-14,1.1931708e-10,0.9987828,0.001175978,1.1752738e-07,6.3933907e-09,1.15103376e-07,6.3246297e-10,3.371806e-09
08202.laz,6.5531145e-07,4.224912e-07,3.3195843e-06,7.253239e-06,2.366192e-05,2.4129056e-06,1.5348423e-06,2.0281405e-07,0.00012697876,4.4569903e-09,1.047011e-06,4.093828e-09,7.794341e-08,5.4676014e-10,2.174391e-06,1.2491995e-09,7.554978e-09,0.0012239206,0.00022805315,3.2776477e-08,3.4515557e-11,0.000612541,2.3786888e-06,5.0553504e-06,7.7941806e-11,2.4062253e-08,0.9942451,0.0034971917,6.31112e-07,3.2674222e-07,1.4776821e-05,9.254756e-08,1.6681518e-07
07870.laz,1.9289641e-06,3.3742817e-06,3.524112e-07,1.24191565e-05,1.3598097e-05,1.5968191e-06,3.9891606e-08,5.6958714e-07,2.9339133e-05,5.2674554e-10,3.6498225e-06,2.9007833e-07,3.265534e-07,5.961306e-08,0.00038853436,2.1123208e-08,7.041315e-05,0.0008666692,6.680789e-05,2.6943419e-05,2.4904023e-09,0.00021857883,0.00011281602,4.4523067e-06,1.6577502e-10,1.222187e-07,0.9972838,0.00081478676,3.61995e-05,3.942814e-06,3.7667633e-05,3.5361968e-08,5.473264e-07
09076.laz,3.330007e-05,1.0610981e-05,4.439493e-06,6.103976e-08,5.588012e-06,2.3138482e-05,1.0203215e-05,3.2502285e-05,1.9651276e-07,3.546967e-06,0.00011676917,2.5498395e-07,5.1687537e-05,2.650056e-07,9.671604e-06,6.7800174e-05,5.306261e-12,0.025931811,0.037704304,4.8478805e-13,1.1279279e-11,0.010455101,0.0003240898,4.761338e-07,2.997492e-08,1.2808816e-06,0.0037698029,0.91991025,2.9040143e-06,0.0014463967,1.7739714e-08,8.285593e-05,6.268774e-07
09056.laz,7.8986704e-07,3.74136e-06,2.3954979e-06,3.542542e-08,0.0001916107,4.213345e-06,9.037648e-07,8.732685e-06,5.483744e-05,5.7823684e-07,3.747459e-06,6.1277504e-08,6.4796274e-07,1.6968247e-08,4.128177e-06,1.7006772e-06,1.0825047e-10,0.07227586,0.0020087466,2.5718475e-10,9.045951e-13,0.004062008,7.4524987e-06,1.2266727e-06,2.0102592e-10,2.6939238e-08,0.35585907,0.5654662,2.480589e-07,3.6887497e-05,3.0477187e-07,3.095662e-06,7.253213e-07
08933.laz,18,0.8501458,Pinus_pinaster
06258.laz,28,0.9978171,Quercus_petraea
06105.laz,28,0.99492985,Quercus_petraea
03676.laz,28,0.99036366,Quercus_petraea
13946.laz,29,0.98747826,Quercus_robur

08933.laz,0.0073251124,3.4044215e-06,9.9903886e-08,2.4831468e-07,3.6311645e-05,1.6372202e-05,1.1501735e-06,0.00020044543,3.4147467e-09,1.5084339e-06,4.4827222e-05,3.6123367e-09,5.749612e-06,3.0840076e-07,0.0046400027,3.4520217e-05,3.0709881e-09,0.0033668359,0.8501458,8.304412e-12,1.620035e-10,0.046342585,3.9622413e-05,3.710337e-05,4.1338772e-09,0.0009078604,0.0013743942,0.08544272,3.029227e-07,3.4498378e-06,4.2259363e-11,2.8695662e-05,5.734768e-07
06258.laz,2.727475e-08,3.437244e-06,4.070336e-05,1.0027075e-10,3.737093e-08,0.0003284502,7.870788e-12,7.210339e-11,3.4065838e-12,9.2826456e-14,0.00018185959,5.8849725e-08,0.00036809524,3.2024554e-06,4.9738037e-07,4.0939578e-11,1.1859712e-10,4.1242068e-09,4.632954e-10,7.1267475e-10,6.6760903e-09,1.3267797e-05,1.5409153e-09,7.273512e-13,0.001225603,4.3996846e-07,1.7956812e-12,8.6424154e-14,0.99781704,3.3715428e-06,1.3852159e-05,7.587888e-10,5.89173e-09
06105.laz,4.992382e-07,5.3031818e-06,1.4211269e-05,9.573573e-11,1.3677484e-07,0.003715342,1.0606114e-11,9.457329e-11,5.1046762e-12,2.7542796e-13,0.00080905843,8.427912e-09,3.6278154e-05,1.8002947e-06,2.9310731e-06,4.1133216e-10,3.3724185e-10,2.962134e-09,2.1313853e-09,1.7464254e-08,2.3860994e-10,1.4637425e-06,3.0520206e-09,5.857398e-12,0.0004640483,3.040438e-07,3.8304027e-11,1.5715706e-12,0.99492973,7.4802188e-06,1.1242887e-05,2.7895863e-09,2.7466116e-08
03676.laz,4.215691e-06,0.00012665371,0.0013781481,2.0611362e-06,2.3969047e-08,1.9780842e-05,5.9453883e-12,1.4382677e-07,6.631052e-09,2.1556574e-11,0.00022842437,0.002004557,0.0004689852,5.886637e-07,7.210695e-06,1.5428481e-12,1.4138933e-10,1.5766937e-12,2.527371e-08,5.135674e-09,8.662571e-09,6.7578543e-07,2.7508744e-07,5.7578096e-12,2.0207989e-09,4.2896914e-05,3.8143714e-08,4.2761852e-10,0.99036366,0.004383009,0.0009531307,9.930874e-07,1.4404834e-05
13946.laz,3.0899034e-09,0.00023308289,0.00012771133,2.5381793e-08,5.3475535e-05,1.06096195e-05,5.9552355e-07,7.625359e-05,1.4249177e-05,1.45086085e-08,3.456544e-05,6.4836044e-05,0.00028353458,5.7380526e-06,1.4845329e-05,1.97267e-10,1.0167673e-06,1.01269464e-07,5.1262e-07,1.0867683e-09,2.5298709e-08,0.0008293435,0.0004901085,0.0102231745,5.809936e-07,7.761246e-06,1.6025776e-09,7.243688e-11,3.608652e-05,0.9874784,4.0012839e-07,6.4721535e-06,6.584409e-06
00847.laz,29,0.9706454,Quercus_robur
13966.laz,29,0.98107475,Quercus_robur
06559.laz,30,0.9967269,Quercus_rubra
06562.laz,30,0.9964812,Quercus_rubra
06600.laz,30,0.99982697,Quercus_rubra

00847.laz,4.142002e-06,0.007850963,3.0979413e-06,2.505288e-05,2.1959702e-05,0.00046289657,1.245562e-06,0.0014030265,1.4578895e-06,2.6283487e-06,4.7147027e-05,6.72202e-07,1.0817984e-05,1.1691389e-08,7.2053444e-05,1.2512325e-08,2.3809763e-11,7.1188224e-06,0.00023653144,1.1439595e-11,1.2864515e-10,0.0066876556,0.011562922,0.00021977605,7.6912835e-07,4.6820026e-07,0.00010484294,0.00022390182,3.0271836e-05,0.9706454,2.5797535e-05,0.00018932713,0.00015799636
13966.laz,1.763197e-07,0.00077877863,0.0006218152,9.625439e-07,0.00077982096,8.6243715e-05,5.8175797e-06,0.00015071468,7.76771e-06,2.663472e-08,0.00020342496,0.00034738556,0.0016124261,7.526595e-05,4.6046156e-05,6.840423e-10,0.00013914033,6.279976e-06,8.780975e-06,9.46748e-08,2.6924188e-05,0.009697341,4.9803384e-05,0.0039327377,5.9217796e-06,0.00011342189,1.1825715e-08,1.5681338e-10,0.00013929169,0.98107475,4.7468683e-07,5.286246e-05,3.5498975e-05
06559.laz,8.410031e-08,0.00017956574,4.674051e-05,4.7934273e-06,0.00025255446,0.000120897144,2.7898349e-11,2.3830576e-10,9.706783e-07,4.649104e-12,0.0015227903,1.2999948e-07,2.7348015e-06,5.0013625e-07,2.5287027e-05,5.586541e-11,7.3598105e-09,1.6194967e-07,1.5827115e-07,3.7285405e-05,8.77227e-10,2.0059755e-05,1.0940735e-06,5.5640526e-10,4.046599e-08,2.019577e-09,3.854276e-06,6.714051e-10,0.00095413363,9.903425e-05,0.996727,1.7286496e-08,1.503722e-07
06562.laz,1.682823e-05,0.00022182516,0.00028600259,2.4059875e-05,1.540512e-05,0.00017291073,5.028942e-11,3.2631486e-09,8.4312276e-08,8.681442e-12,0.0017162593,2.85079e-07,5.8750156e-06,3.2080212e-07,4.964612e-05,2.8097284e-09,4.1689468e-08,1.2986088e-07,2.586383e-07,6.747314e-05,1.594594e-08,8.939481e-05,2.9371938e-07,3.3990566e-10,2.0088058e-07,6.11057e-08,4.4344722e-07,1.4289281e-10,0.00075891404,9.1835704e-05,0.9964813,3.8942176e-08,2.322683e-07
06600.laz,1.1869177e-07,2.5202695e-05,1.7823644e-05,2.2728982e-06,6.666583e-06,3.7965706e-06,1.0316924e-12,1.4876915e-10,3.5401075e-07,1.0551717e-12,1.5529626e-05,4.7230113e-08,5.18237e-07,2.9176142e-09,1.7224698e-05,2.064052e-11,2.2966666e-09,1.9457913e-08,2.1117417e-08,1.163062e-05,3.492298e-10,2.8636764e-06,6.821507e-08,1.0951571e-10,2.7829874e-09,3.0731961e-10,9.821739e-07,1.8850534e-10,6.1690844e-05,6.2092236e-06,0.99982697,4.843095e-10,1.30029925e-08
17690.laz,31,0.8211898,Tilia_cordata
17465.laz,31,0.44175136,Tilia_cordata
17397.laz,31,0.9116037,Tilia_cordata
17850.laz,32,0.70023286,Ulmus_laevis
17955.laz,5,0.73649263,Carpinus_betulus

17690.laz,1.9265162e-08,0.0021913506,1.1144664e-06,1.3205656e-08,1.6834578e-05,0.0189328,3.6024532e-05,0.016280582,7.154583e-07,0.027909255,0.010258795,3.9443217e-05,2.1495234e-05,1.2758753e-08,1.9832964e-06,2.7239278e-07,9.889036e-12,2.2603734e-08,4.985378e-08,1.11485155e-13,4.2012634e-13,1.2492948e-06,6.6087374e-08,6.332328e-08,2.0249624e-10,2.0752611e-07,2.1137011e-07,2.412683e-06,2.4600354e-07,9.746749e-06,3.3564849e-09,0.82118976,0.10310519
17465.laz,2.4068214e-10,0.2067781,1.7297778e-05,9.811555e-11,2.8586197e-07,0.19121039,2.7000571e-05,0.00053909194,7.788945e-08,0.022523118,0.0007869066,0.0032638276,0.0031545293,2.9959573e-08,1.4299935e-07,8.8235645e-08,2.5155442e-09,2.4490463e-09,2.3185345e-08,8.572072e-14,3.0944053e-11,1.9355545e-07,3.887674e-09,1.123302e-08,3.6720088e-10,2.6805337e-08,1.5948661e-08,2.9371267e-07,9.8374585e-06,2.9089704e-06,7.821439e-11,0.44175133,0.12993436
17397.laz,6.016748e-10,0.0006479367,6.2476406e-06,6.960941e-09,1.2800775e-06,0.0032662265,0.00023739664,0.0010631954,8.290438e-08,0.0014003323,0.00078105717,2.7120688e-05,1.4572599e-05,2.1574769e-09,1.5597718e-07,4.626006e-09,3.5812085e-14,6.8917133e-10,3.1082366e-09,1.1086001e-15,1.1181911e-14,8.522435e-08,1.306514e-08,1.448047e-09,2.2438307e-10,3.9853036e-09,1.0119812e-07,1.3173616e-06,8.791574e-08,9.874203e-06,3.4530065e-10,0.91160357,0.0809392
17850.laz,5.9648966e-09,0.101774365,5.2309842e-05,7.902083e-09,6.187753e-05,0.058335017,4.023787e-07,0.0016858947,2.729269e-06,0.009528108,0.00088924065,0.00061413244,0.0007066023,1.2561296e-07,2.5502877e-05,6.944218e-07,2.2081581e-10,5.519785e-09,4.021522e-08,3.2014287e-11,1.4505442e-11,2.0887371e-06,1.5497112e-07,2.775079e-08,7.7416606e-10,1.2630107e-06,1.039003e-07,7.546092e-07,1.0045754e-06,4.327077e-06,8.3313927e-07,0.12607948,0.70023286
17955.laz,3.5255953e-06,0.07088723,0.00010612463,2.9227566e-08,2.064902e-06,0.7364926,2.3052007e-07,0.0030892924,2.6353975e-09,0.00051925494,0.030232785,0.00021309083,0.00013390677,7.986449e-07,3.4815166e-05,3.0596435e-05,1.8120588e-08,1.402247e-08,1.04410326e-07,5.955464e-09,4.456287e-09,2.6858648e-05,7.672755e-07,1.1841354e-07,3.265813e-07,2.5876605e-05,1.8105827e-09,3.148892e-09,4.015305e-06,1.0951964e-05,2.3105702e-06,0.0007552241,0.157427
18046.laz,10,0.7178441,Fagus_sylvatica

18046.laz,1.3184105e-05,0.079567336,0.0017183422,2.1390731e-05,0.014428904,0.03423975,4.8652214e-06,0.02124048,8.9644e-06,0.0030365041,0.7178442,0.000453278,0.002269825,1.011748e-06,0.00014011639,8.4249564e-07,2.329494e-09,1.2085071e-07,1.2655545e-07,4.191918e-09,6.825146e-09,0.0005806533,7.4902864e-06,4.0122083e-07,4.130068e-06,4.503134e-05,1.508799e-08,7.1619466e-09,0.00055113394,5.367925e-05,4.914182e-05,0.06558052,0.05813864
